Page URL,Domain,Page Title,ILR,Raw ILR,Unique Pageviews,Crawl Depth,HTTP Status Code,"Page (HTML) Load Time, sec",Schema.org (Microdata),Schema.org (JSON-LD),Open Graph,Twitter Cards,Microformats,Canonicalization,In sitemap,Incoming Internal Links,Outgoing Internal Links,Outgoing External Links,AMP link,Hreflang Links,Hreflang Issues,JS and CSS Number,"JS and CSS Size, KB",Issues,Description,Blocked AI search bots
/,https://mrbenjeeptours.com,Mr. Ben Jeep Tours Mũi Né | Tour Xe Jeep & Xe Đưa Đón 24/7,0,0.0,n/a,0,200,0.039,0,1,1,1,0,Canonical to other page,0,0,1,7,0,7,2,4,149,10,"dịch vụ tour xe jeep mũi né ngắm bình minh & hoàng hôn đồi cát trắng. xe đưa đón sân bay tân sơn nhất, cam ranh 7-16 chỗ uy tín, giá tốt. đặt xe 24/7!",
/llms.txt,https://mrbenjeeptours.com,,-,-,n/a,0,200,0.084,0,0,0,0,0,-,0,0,-,-,0,-,-,-,-,1,-,
/robots.txt,https://mrbenjeeptours.com,,-,-,n/a,0,200,0.065,0,0,0,0,0,-,0,0,-,-,0,-,-,-,-,0,-,n/a
/,https://www.mrbenjeeptours.com,Mr. Ben Jeep Tours Mũi Né | Tour Xe Jeep & Xe Đưa Đón 24/7,100,0.1000586599111557,n/a,0,200,0.041,0,1,1,1,0,Self-canonical,1,7,1,7,0,7,0,4,149,8,"dịch vụ tour xe jeep mũi né ngắm bình minh & hoàng hôn đồi cát trắng. xe đưa đón sân bay tân sơn nhất, cam ranh 7-16 chỗ uy tín, giá tốt. đặt xe 24/7!",
/?lang=de,https://www.mrbenjeeptours.com,Mr. Ben Jeep Tours Mũi Né | Tour Xe Jeep & Xe Đưa Đón 24/7,100,0.1000586599111557,n/a,1,200,0.035,0,1,1,1,0,Canonical to other page,1,7,1,7,0,7,1,4,149,9,"dịch vụ tour xe jeep mũi né ngắm bình minh & hoàng hôn đồi cát trắng. xe đưa đón sân bay tân sơn nhất, cam ranh 7-16 chỗ uy tín, giá tốt. đặt xe 24/7!",
/?lang=en,https://www.mrbenjeeptours.com,Mr. Ben Jeep Tours Mũi Né | Tour Xe Jeep & Xe Đưa Đón 24/7,100,0.1000586599111557,n/a,1,200,0.037,0,1,1,1,0,Canonical to other page,1,7,1,7,0,7,1,4,149,9,"dịch vụ tour xe jeep mũi né ngắm bình minh & hoàng hôn đồi cát trắng. xe đưa đón sân bay tân sơn nhất, cam ranh 7-16 chỗ uy tín, giá tốt. đặt xe 24/7!",
/?lang=ko,https://www.mrbenjeeptours.com,Mr. Ben Jeep Tours Mũi Né | Tour Xe Jeep & Xe Đưa Đón 24/7,100,0.1000586599111557,n/a,1,200,0.038,0,1,1,1,0,Canonical to other page,1,7,1,7,0,7,1,4,149,9,"dịch vụ tour xe jeep mũi né ngắm bình minh & hoàng hôn đồi cát trắng. xe đưa đón sân bay tân sơn nhất, cam ranh 7-16 chỗ uy tín, giá tốt. đặt xe 24/7!",
/?lang=ru,https://www.mrbenjeeptours.com,Mr. Ben Jeep Tours Mũi Né | Tour Xe Jeep & Xe Đưa Đón 24/7,100,0.1000586599111557,n/a,1,200,0.033,0,1,1,1,0,Canonical to other page,1,7,1,7,0,7,1,4,149,9,"dịch vụ tour xe jeep mũi né ngắm bình minh & hoàng hôn đồi cát trắng. xe đưa đón sân bay tân sơn nhất, cam ranh 7-16 chỗ uy tín, giá tốt. đặt xe 24/7!",
/?lang=vi,https://www.mrbenjeeptours.com,Mr. Ben Jeep Tours Mũi Né | Tour Xe Jeep & Xe Đưa Đón 24/7,100,0.1000586599111557,n/a,1,200,0.033,0,1,1,1,0,Canonical to other page,1,7,1,7,0,7,1,4,149,8,"dịch vụ tour xe jeep mũi né ngắm bình minh & hoàng hôn đồi cát trắng. xe đưa đón sân bay tân sơn nhất, cam ranh 7-16 chỗ uy tín, giá tốt. đặt xe 24/7!",
/?lang=zh,https://www.mrbenjeeptours.com,Mr. Ben Jeep Tours Mũi Né | Tour Xe Jeep & Xe Đưa Đón 24/7,100,0.1000586599111557,n/a,1,200,0.042,0,1,1,1,0,Canonical to other page,1,7,1,7,0,7,1,4,149,9,"dịch vụ tour xe jeep mũi né ngắm bình minh & hoàng hôn đồi cát trắng. xe đưa đón sân bay tân sơn nhất, cam ranh 7-16 chỗ uy tín, giá tốt. đặt xe 24/7!",
/sitemap.xml,https://www.mrbenjeeptours.com,,-,-,n/a,0,200,0.054,0,0,0,0,0,-,0,0,-,-,0,-,-,-,-,6,-,
