Page URL,Domain,ILR,Schema.org (JSON-LD),Schema.org (Microdata),Open Graph,Twitter Cards,Microformats,Article items,Book items,Breadcrumb items,Carousel items,Course items,COVID-19 announcements (BETA) items,Dataset items,Employer Aggregate Rating items,Estimated salary items,Event items,Fact Check items,FAQ items,Guided recipe items,How-to items,Job posting items,Local Business items,Logo items,Merchant listing items,Movie items,Organization items,Product snippet items,Product group items,Q&A items,Recipe on search items,Review snippet items,Sitelinks search box items,Site names items,Software App items,Vehicle listing items,Video items
/,https://mrbenjeeptours.com,0,1,0,1,1,0,0,0,1,0,1,0,0,0,0,0,1,0,0,0,0,3,0,0,0,0,0,1,0,0,5,1,0,0,0,0
/llms.txt,https://mrbenjeeptours.com,-,0,0,0,0,0,0,0,0,0,0,0,0,0,0,0,0,0,0,0,0,0,0,0,0,0,0,0,0,0,0,0,0,0,0,0
/robots.txt,https://mrbenjeeptours.com,-,0,0,0,0,0,0,0,0,0,0,0,0,0,0,0,0,0,0,0,0,0,0,0,0,0,0,0,0,0,0,0,0,0,0,0
/,https://www.mrbenjeeptours.com,100,1,0,1,1,0,0,0,1,0,1,0,0,0,0,0,1,0,0,0,0,3,0,0,0,0,0,1,0,0,5,1,0,0,0,0
/?lang=de,https://www.mrbenjeeptours.com,100,1,0,1,1,0,0,0,1,0,1,0,0,0,0,0,1,0,0,0,0,3,0,0,0,0,0,1,0,0,5,1,0,0,0,0
/?lang=en,https://www.mrbenjeeptours.com,100,1,0,1,1,0,0,0,1,0,1,0,0,0,0,0,1,0,0,0,0,3,0,0,0,0,0,1,0,0,5,1,0,0,0,0
/?lang=ko,https://www.mrbenjeeptours.com,100,1,0,1,1,0,0,0,1,0,1,0,0,0,0,0,1,0,0,0,0,3,0,0,0,0,0,1,0,0,5,1,0,0,0,0
/?lang=ru,https://www.mrbenjeeptours.com,100,1,0,1,1,0,0,0,1,0,1,0,0,0,0,0,1,0,0,0,0,3,0,0,0,0,0,1,0,0,5,1,0,0,0,0
/?lang=vi,https://www.mrbenjeeptours.com,100,1,0,1,1,0,0,0,1,0,1,0,0,0,0,0,1,0,0,0,0,3,0,0,0,0,0,1,0,0,5,1,0,0,0,0
/?lang=zh,https://www.mrbenjeeptours.com,100,1,0,1,1,0,0,0,1,0,1,0,0,0,0,0,1,0,0,0,0,3,0,0,0,0,0,1,0,0,5,1,0,0,0,0
/sitemap.xml,https://www.mrbenjeeptours.com,-,0,0,0,0,0,0,0,0,0,0,0,0,0,0,0,0,0,0,0,0,0,0,0,0,0,0,0,0,0,0,0,0,0,0,0
