Page URL,ILR,Schema.org (JSON-LD),Schema.org (Microdata),Open Graph,Twitter Cards,Microformats,Article items,Book items,Breadcrumb items,Carousel items,Course items,COVID-19 announcements (BETA) items,Dataset items,Employer Aggregate Rating items,Estimated salary items,Event items,Fact Check items,FAQ items,Guided recipe items,How-to items,Job posting items,Local Business items,Logo items,Merchant listing items,Movie items,Product snippet items,Product group items,Q&A items,Recipe on search items,Review snippet items,Sitelinks search box items,Site names items,Software App items,Vehicle listing items,Video items
https://mrbenjeeptours.com/,0,1,0,1,1,0,0,0,1,0,1,0,0,0,0,0,1,0,0,0,0,3,0,0,0,0,0,1,0,0,5,1,0,0,0,0
https://mrbenjeeptours.com/llms.txt,-,0,0,0,0,0,0,0,0,0,0,0,0,0,0,0,0,0,0,0,0,0,0,0,0,0,0,0,0,0,0,0,0,0,0,0
https://mrbenjeeptours.com/robots.txt,-,0,0,0,0,0,0,0,0,0,0,0,0,0,0,0,0,0,0,0,0,0,0,0,0,0,0,0,0,0,0,0,0,0,0,0
https://www.mrbenjeeptours.com/,100,1,0,1,1,0,0,0,1,0,1,0,0,0,0,0,1,0,0,0,0,3,0,0,0,0,0,1,0,0,5,1,0,0,0,0
https://www.mrbenjeeptours.com/?lang=de,100,1,0,1,1,0,0,0,1,0,1,0,0,0,0,0,1,0,0,0,0,3,0,0,0,0,0,1,0,0,5,1,0,0,0,0
https://www.mrbenjeeptours.com/?lang=en,100,1,0,1,1,0,0,0,1,0,1,0,0,0,0,0,1,0,0,0,0,3,0,0,0,0,0,1,0,0,5,1,0,0,0,0
https://www.mrbenjeeptours.com/?lang=ko,100,1,0,1,1,0,0,0,1,0,1,0,0,0,0,0,1,0,0,0,0,3,0,0,0,0,0,1,0,0,5,1,0,0,0,0
https://www.mrbenjeeptours.com/?lang=ru,100,1,0,1,1,0,0,0,1,0,1,0,0,0,0,0,1,0,0,0,0,3,0,0,0,0,0,1,0,0,5,1,0,0,0,0
https://www.mrbenjeeptours.com/?lang=vi,100,1,0,1,1,0,0,0,1,0,1,0,0,0,0,0,1,0,0,0,0,3,0,0,0,0,0,1,0,0,5,1,0,0,0,0
https://www.mrbenjeeptours.com/?lang=zh,100,1,0,1,1,0,0,0,1,0,1,0,0,0,0,0,1,0,0,0,0,3,0,0,0,0,0,1,0,0,5,1,0,0,0,0
https://www.mrbenjeeptours.com/sitemap.xml,-,0,0,0,0,0,0,0,0,0,0,0,0,0,0,0,0,0,0,0,0,0,0,0,0,0,0,0,0,0,0,0,0,0,0,0
